[
    {
        "date": "2024-11-04",
        "prev_5_settle": [
            424.75,
            427.0,
            425.5,
            426.0,
            429.25
        ],
        "week_difference": -0.0005820721769499418,
        "month_difference": -0.030491247882552232
    },
    {
        "date": "2024-11-05",
        "prev_5_settle": [
            427.0,
            425.5,
            426.0,
            429.25,
            430.0
        ],
        "week_difference": 0.012360211889346674,
        "month_difference": -0.018824871648602397
    },
    {
        "date": "2024-11-06",
        "prev_5_settle": [
            425.5,
            426.0,
            429.25,
            430.0,
            432.0
        ],
        "week_difference": 0.0117096018735363,
        "month_difference": -0.0136986301369863
    },
    {
        "date": "2024-11-07",
        "prev_5_settle": [
            426.0,
            429.25,
            430.0,
            432.0,
            439.0
        ],
        "week_difference": 0.03172737955346651,
        "month_difference": 0.006303724928366762
    },
    {
        "date": "2024-11-08",
        "prev_5_settle": [
            429.25,
            430.0,
            432.0,
            439.0,
            440.5
        ],
        "week_difference": 0.03403755868544601,
        "month_difference": 0.017321016166281754
    },
    {
        "date": "2024-11-11",
        "prev_5_settle": [
            430.0,
            432.0,
            439.0,
            440.5,
            444.25
        ],
        "week_difference": 0.034944670937682006,
        "month_difference": 0.04590935844614479
    },
    {
        "date": "2024-11-12",
        "prev_5_settle": [
            432.0,
            439.0,
            440.5,
            444.25,
            442.75
        ],
        "week_difference": 0.029651162790697676,
        "month_difference": 0.06047904191616767
    },
    {
        "date": "2024-11-13",
        "prev_5_settle": [
            439.0,
            440.5,
            444.25,
            442.75,
            440.25
        ],
        "week_difference": 0.019097222222222224,
        "month_difference": 0.0469678953626635
    },
    {
        "date": "2024-11-14",
        "prev_5_settle": [
            440.5,
            444.25,
            442.75,
            440.25,
            437.5
        ],
        "week_difference": -0.003416856492027335,
        "month_difference": 0.03857566765578635
    },
    {
        "date": "2024-11-15",
        "prev_5_settle": [
            444.25,
            442.75,
            440.25,
            437.5,
            430.75
        ],
        "week_difference": -0.02213393870601589,
        "month_difference": 0.028042959427207637
    },
    {
        "date": "2024-11-18",
        "prev_5_settle": [
            442.75,
            440.25,
            437.5,
            430.75,
            435.25
        ],
        "week_difference": -0.020258863252673044,
        "month_difference": 0.02835203780271707
    },
    {
        "date": "2024-11-19",
        "prev_5_settle": [
            440.25,
            437.5,
            430.75,
            435.25,
            439.75
        ],
        "week_difference": -0.006775832862789385,
        "month_difference": 0.0244612696563774
    },
    {
        "date": "2024-11-20",
        "prev_5_settle": [
            437.5,
            430.75,
            435.25,
            439.75,
            437.75
        ],
        "week_difference": -0.0056785917092561046,
        "month_difference": 0.013310185185185185
    },
    {
        "date": "2024-11-21",
        "prev_5_settle": [
            430.75,
            435.25,
            439.75,
            437.75,
            440.0
        ],
        "week_difference": 0.005714285714285714,
        "month_difference": 0.011494252873563218
    },
    {
        "date": "2024-11-22",
        "prev_5_settle": [
            435.25,
            439.75,
            437.75,
            440.0,
            436.25
        ],
        "week_difference": 0.012768427161926872,
        "month_difference": 0.01571594877764843
    },
    {
        "date": "2024-11-25",
        "prev_5_settle": [
            439.75,
            437.75,
            440.0,
            436.25,
            435.25
        ],
        "week_difference": 0.0,
        "month_difference": 0.024720423778693348
    },
    {
        "date": "2024-11-26",
        "prev_5_settle": [
            437.75,
            440.0,
            436.25,
            435.25,
            433.0
        ],
        "week_difference": -0.015349630471859011,
        "month_difference": 0.01405152224824356
    },
    {
        "date": "2024-11-27",
        "prev_5_settle": [
            440.0,
            436.25,
            435.25,
            433.0,
            428.0
        ],
        "week_difference": -0.02227298686464877,
        "month_difference": 0.005875440658049354
    },
    {
        "date": "2024-11-29",
        "prev_5_settle": [
            436.25,
            435.25,
            433.0,
            428.0,
            428.0
        ],
        "week_difference": -0.02727272727272727,
        "month_difference": 0.004694835680751174
    },
    {
        "date": "2024-12-02",
        "prev_5_settle": [
            435.25,
            433.0,
            428.0,
            428.0,
            433.0
        ],
        "week_difference": -0.007449856733524355,
        "month_difference": 0.008736167734420501
    }
]