[
    {
        "date": "2024-11-04",
        "prev_5_settle": [
            2780.5,
            2805.8,
            2825.7,
            2774.0,
            2773.9
        ],
        "week_difference": -0.0018711093519484072,
        "month_difference": 0.03153471421665248
    },
    {
        "date": "2024-11-05",
        "prev_5_settle": [
            2805.8,
            2825.7,
            2774.0,
            2773.9,
            2770.9
        ],
        "week_difference": -0.0034526164358927923,
        "month_difference": 0.04239711082687544
    },
    {
        "date": "2024-11-06",
        "prev_5_settle": [
            2825.7,
            2774.0,
            2773.9,
            2770.9,
            2774.6
        ],
        "week_difference": -0.011119823223323213,
        "month_difference": 0.04749320446994855
    },
    {
        "date": "2024-11-07",
        "prev_5_settle": [
            2774.0,
            2773.9,
            2770.9,
            2774.6,
            2700.4
        ],
        "week_difference": -0.04434299465619129,
        "month_difference": 0.014196649891083971
    },
    {
        "date": "2024-11-08",
        "prev_5_settle": [
            2773.9,
            2770.9,
            2774.6,
            2700.4,
            2730.6
        ],
        "week_difference": -0.015645277577505442,
        "month_difference": 0.011445716190687889
    },
    {
        "date": "2024-11-11",
        "prev_5_settle": [
            2770.9,
            2774.6,
            2700.4,
            2730.6,
            2719.5
        ],
        "week_difference": -0.019611377482966253,
        "month_difference": 0.011342506507995537
    },
    {
        "date": "2024-11-12",
        "prev_5_settle": [
            2774.6,
            2700.4,
            2730.6,
            2719.5,
            2641.7
        ],
        "week_difference": -0.046627449565123345,
        "month_difference": -0.022461515689757353
    },
    {
        "date": "2024-11-13",
        "prev_5_settle": [
            2700.4,
            2730.6,
            2719.5,
            2641.7,
            2630.3
        ],
        "week_difference": -0.052007496576082946,
        "month_difference": -0.031161368742863422
    },
    {
        "date": "2024-11-14",
        "prev_5_settle": [
            2730.6,
            2719.5,
            2641.7,
            2630.3,
            2610.3
        ],
        "week_difference": -0.033365427344097136,
        "month_difference": -0.04433623782675548
    },
    {
        "date": "2024-11-15",
        "prev_5_settle": [
            2719.5,
            2641.7,
            2630.3,
            2610.3,
            2596.4
        ],
        "week_difference": -0.04914670768329298,
        "month_difference": -0.05732854082707043
    },
    {
        "date": "2024-11-18",
        "prev_5_settle": [
            2641.7,
            2630.3,
            2610.3,
            2596.4,
            2593.6
        ],
        "week_difference": -0.04629527486670347,
        "month_difference": -0.061446044727509655
    },
    {
        "date": "2024-11-19",
        "prev_5_settle": [
            2630.3,
            2610.3,
            2596.4,
            2593.6,
            2638.2
        ],
        "week_difference": -0.0013249044176098725,
        "month_difference": -0.05250682373222248
    },
    {
        "date": "2024-11-20",
        "prev_5_settle": [
            2610.3,
            2596.4,
            2593.6,
            2638.2,
            2654.6
        ],
        "week_difference": 0.009238489906094258,
        "month_difference": -0.03602295010530913
    },
    {
        "date": "2024-11-21",
        "prev_5_settle": [
            2596.4,
            2593.6,
            2638.2,
            2654.6,
            2675.6
        ],
        "week_difference": 0.025016281653449688,
        "month_difference": -0.03522878880755788
    },
    {
        "date": "2024-11-22",
        "prev_5_settle": [
            2593.6,
            2638.2,
            2654.6,
            2675.6,
            2699.3
        ],
        "week_difference": 0.03963179787397939,
        "month_difference": -0.028714331977978385
    },
    {
        "date": "2024-11-25",
        "prev_5_settle": [
            2638.2,
            2654.6,
            2675.6,
            2699.3,
            2737.2
        ],
        "week_difference": 0.055367057371992566,
        "month_difference": -0.015572738716058328
    },
    {
        "date": "2024-11-26",
        "prev_5_settle": [
            2654.6,
            2675.6,
            2699.3,
            2737.2,
            2642.6
        ],
        "week_difference": 0.0016678038056250819,
        "month_difference": -0.058165229168151776
    },
    {
        "date": "2024-11-27",
        "prev_5_settle": [
            2675.6,
            2699.3,
            2737.2,
            2642.6,
            2646.3
        ],
        "week_difference": -0.003126648082573543,
        "month_difference": -0.06348869306720446
    },
    {
        "date": "2024-11-29",
        "prev_5_settle": [
            2699.3,
            2737.2,
            2642.6,
            2646.3,
            2664.8
        ],
        "week_difference": -0.004036477799372002,
        "month_difference": -0.03936553713049741
    },
    {
        "date": "2024-12-02",
        "prev_5_settle": [
            2737.2,
            2642.6,
            2646.3,
            2664.8,
            2681.0
        ],
        "week_difference": -0.006779535435112874,
        "month_difference": -0.03349075309131551
    }
]