[
    {
        "date": "2024-11-04",
        "prev_5_settle": [
            2690.4,
            2678.6,
            2645.0,
            2645.2,
            2666.6
        ],
        "week_difference": -0.00958252859901953,
        "month_difference": -0.06553125876086348
    },
    {
        "date": "2024-11-05",
        "prev_5_settle": [
            2678.6,
            2645.0,
            2645.2,
            2666.6,
            2679.0
        ],
        "week_difference": -0.004237288135593254,
        "month_difference": -0.06655052264808363
    },
    {
        "date": "2024-11-06",
        "prev_5_settle": [
            2645.0,
            2645.2,
            2666.6,
            2679.0,
            2734.8
        ],
        "week_difference": 0.020981109534831732,
        "month_difference": 0.01079243051448857
    },
    {
        "date": "2024-11-07",
        "prev_5_settle": [
            2645.2,
            2666.6,
            2679.0,
            2734.8,
            2718.6
        ],
        "week_difference": 0.027826086956521705,
        "month_difference": -0.014785823005001152
    },
    {
        "date": "2024-11-08",
        "prev_5_settle": [
            2666.6,
            2679.0,
            2734.8,
            2718.6,
            2804.0
        ],
        "week_difference": 0.06003326780583706,
        "month_difference": 0.046346742294200986
    },
    {
        "date": "2024-11-11",
        "prev_5_settle": [
            2679.0,
            2734.8,
            2718.6,
            2804.0,
            2778.2
        ],
        "week_difference": 0.04185104627615687,
        "month_difference": 0.02072158130648822
    },
    {
        "date": "2024-11-12",
        "prev_5_settle": [
            2734.8,
            2718.6,
            2804.0,
            2778.2,
            2756.4
        ],
        "week_difference": 0.028891377379619294,
        "month_difference": 0.031200897867564567
    },
    {
        "date": "2024-11-13",
        "prev_5_settle": [
            2718.6,
            2804.0,
            2778.2,
            2756.4,
            2718.6
        ],
        "week_difference": -0.005923650724001855,
        "month_difference": 0.02449502562556527
    },
    {
        "date": "2024-11-14",
        "prev_5_settle": [
            2804.0,
            2778.2,
            2756.4,
            2718.6,
            2739.2
        ],
        "week_difference": 0.007577429559331976,
        "month_difference": 0.04509729111026319
    },
    {
        "date": "2024-11-15",
        "prev_5_settle": [
            2778.2,
            2756.4,
            2718.6,
            2739.2,
            2719.8
        ],
        "week_difference": -0.03002853067047069,
        "month_difference": 0.0017679558011050394
    },
    {
        "date": "2024-11-18",
        "prev_5_settle": [
            2756.4,
            2718.6,
            2739.2,
            2719.8,
            2692.8
        ],
        "week_difference": -0.030739327622201298,
        "month_difference": 0.0017111822037052169
    },
    {
        "date": "2024-11-19",
        "prev_5_settle": [
            2718.6,
            2739.2,
            2719.8,
            2692.8,
            2686.4
        ],
        "week_difference": -0.025395443331882164,
        "month_difference": -0.005184417123389127
    },
    {
        "date": "2024-11-20",
        "prev_5_settle": [
            2739.2,
            2719.8,
            2692.8,
            2686.4,
            2666.8
        ],
        "week_difference": -0.019053924814242524,
        "month_difference": -0.018837380426784334
    },
    {
        "date": "2024-11-21",
        "prev_5_settle": [
            2719.8,
            2692.8,
            2686.4,
            2666.8,
            2676.4
        ],
        "week_difference": -0.02292640186915878,
        "month_difference": -0.004759779860181366
    },
    {
        "date": "2024-11-22",
        "prev_5_settle": [
            2692.8,
            2686.4,
            2666.8,
            2676.4,
            2681.0
        ],
        "week_difference": -0.014265754834914398,
        "month_difference": -0.00423414054375282
    },
    {
        "date": "2024-11-25",
        "prev_5_settle": [
            2686.4,
            2666.8,
            2676.4,
            2681.0,
            2619.0
        ],
        "week_difference": -0.02740641711229953,
        "month_difference": -0.026538804638715465
    },
    {
        "date": "2024-11-26",
        "prev_5_settle": [
            2666.8,
            2676.4,
            2681.0,
            2619.0,
            2581.2
        ],
        "week_difference": -0.039160214413341374,
        "month_difference": -0.036362278802359475
    },
    {
        "date": "2024-11-27",
        "prev_5_settle": [
            2676.4,
            2681.0,
            2619.0,
            2581.2,
            2598.4
        ],
        "week_difference": -0.025648717564121827,
        "month_difference": -0.017618147448015088
    },
    {
        "date": "2024-11-28",
        "prev_5_settle": [
            2681.0,
            2619.0,
            2581.2,
            2598.4,
            2624.6
        ],
        "week_difference": -0.01935435659841585,
        "month_difference": -0.00778769091184028
    },
    {
        "date": "2024-11-29",
        "prev_5_settle": [
            2619.0,
            2581.2,
            2598.4,
            2624.6,
            2614.0
        ],
        "week_difference": -0.024990675121223424,
        "month_difference": -0.0197254931373284
    }
]