[
    {
        "date": "2024-11-04",
        "prev_5_settle": [
            525.2,
            509.4,
            508.0,
            514.3,
            520.4
        ],
        "week_difference": -0.016628873771731043,
        "month_difference": 0.03397575998410484
    },
    {
        "date": "2024-11-05",
        "prev_5_settle": [
            509.4,
            508.0,
            514.3,
            520.4,
            525.1
        ],
        "week_difference": -0.00019040365575023367,
        "month_difference": -0.049592760180995434
    },
    {
        "date": "2024-11-06",
        "prev_5_settle": [
            508.0,
            514.3,
            520.4,
            525.1,
            529.4
        ],
        "week_difference": 0.03926187671770711,
        "month_difference": -0.030757964115708653
    },
    {
        "date": "2024-11-07",
        "prev_5_settle": [
            514.3,
            520.4,
            525.1,
            529.4,
            532.4
        ],
        "week_difference": 0.048031496062992084,
        "month_difference": -0.012428120942311343
    },
    {
        "date": "2024-11-08",
        "prev_5_settle": [
            520.4,
            525.1,
            529.4,
            532.4,
            533.7
        ],
        "week_difference": 0.03772117441182207,
        "month_difference": -0.03350235421948569
    },
    {
        "date": "2024-11-11",
        "prev_5_settle": [
            525.1,
            529.4,
            532.4,
            533.7,
            533.4
        ],
        "week_difference": 0.024980784012298234,
        "month_difference": -0.03317020119630246
    },
    {
        "date": "2024-11-12",
        "prev_5_settle": [
            529.4,
            532.4,
            533.7,
            533.4,
            529.5
        ],
        "week_difference": 0.008379356313083178,
        "month_difference": -0.01998889505830086
    },
    {
        "date": "2024-11-13",
        "prev_5_settle": [
            532.4,
            533.7,
            533.4,
            529.5,
            519.1
        ],
        "week_difference": -0.019455987910842378,
        "month_difference": -0.01741434790838526
    },
    {
        "date": "2024-11-14",
        "prev_5_settle": [
            533.7,
            533.4,
            529.5,
            519.1,
            520.6
        ],
        "week_difference": -0.02216378662659646,
        "month_difference": -0.012893439514599838
    },
    {
        "date": "2024-11-15",
        "prev_5_settle": [
            533.4,
            529.5,
            519.1,
            520.6,
            517.2
        ],
        "week_difference": -0.030916245081506463,
        "month_difference": -0.017850360805165166
    },
    {
        "date": "2024-11-18",
        "prev_5_settle": [
            529.5,
            519.1,
            520.6,
            517.2,
            522.7
        ],
        "week_difference": -0.020059992500937256,
        "month_difference": 0.008100289296046375
    },
    {
        "date": "2024-11-19",
        "prev_5_settle": [
            519.1,
            520.6,
            517.2,
            522.7,
            515.5
        ],
        "week_difference": -0.02644003777148253,
        "month_difference": -0.020334473584188606
    },
    {
        "date": "2024-11-20",
        "prev_5_settle": [
            520.6,
            517.2,
            522.7,
            515.5,
            521.8
        ],
        "week_difference": 0.005201309959545235,
        "month_difference": -0.026492537313432922
    },
    {
        "date": "2024-11-21",
        "prev_5_settle": [
            517.2,
            522.7,
            515.5,
            521.8,
            526.4
        ],
        "week_difference": 0.011140991164041403,
        "month_difference": -0.012753188297074395
    },
    {
        "date": "2024-11-22",
        "prev_5_settle": [
            522.7,
            515.5,
            521.8,
            526.4,
            528.1
        ],
        "week_difference": 0.02107501933488008,
        "month_difference": -0.002078609221466407
    },
    {
        "date": "2024-11-25",
        "prev_5_settle": [
            515.5,
            521.8,
            526.4,
            528.1,
            533.3
        ],
        "week_difference": 0.020279318920987006,
        "month_difference": 0.015422696115765248
    },
    {
        "date": "2024-11-26",
        "prev_5_settle": [
            521.8,
            526.4,
            528.1,
            533.3,
            536.0
        ],
        "week_difference": 0.03976721629485936,
        "month_difference": 0.0522182960345505
    },
    {
        "date": "2024-11-27",
        "prev_5_settle": [
            526.4,
            528.1,
            533.3,
            536.0,
            529.0
        ],
        "week_difference": 0.01379839018781151,
        "month_difference": 0.04133858267716536
    },
    {
        "date": "2024-11-28",
        "prev_5_settle": [
            528.1,
            533.3,
            536.0,
            529.0,
            527.4
        ],
        "week_difference": 0.001899696048632219,
        "month_difference": 0.02547151468014782
    },
    {
        "date": "2024-11-29",
        "prev_5_settle": [
            533.3,
            536.0,
            529.0,
            527.4,
            524.6
        ],
        "week_difference": -0.006627532664268131,
        "month_difference": 0.008070714834742594
    }
]