[
    {
        "date": "2024-11-04",
        "prev_5_settle": [
            527.2,
            511.5,
            509.8,
            516.3,
            524.1
        ],
        "week_difference": -0.0157746478873239,
        "month_difference": 0.037410926365795794
    },
    {
        "date": "2024-11-05",
        "prev_5_settle": [
            511.5,
            509.8,
            516.3,
            524.1,
            528.0
        ],
        "week_difference": 0.0015174506828527208,
        "month_difference": -0.049847039769659963
    },
    {
        "date": "2024-11-06",
        "prev_5_settle": [
            509.8,
            516.3,
            524.1,
            528.0,
            533.1
        ],
        "week_difference": 0.04222873900293259,
        "month_difference": -0.030198289976350774
    },
    {
        "date": "2024-11-07",
        "prev_5_settle": [
            516.3,
            524.1,
            528.0,
            533.1,
            534.9
        ],
        "week_difference": 0.049234994115339284,
        "month_difference": -0.012553073657005847
    },
    {
        "date": "2024-11-08",
        "prev_5_settle": [
            524.1,
            528.0,
            533.1,
            534.9,
            535.0
        ],
        "week_difference": 0.03621925237265165,
        "month_difference": -0.035688536409516865
    },
    {
        "date": "2024-11-11",
        "prev_5_settle": [
            528.0,
            533.1,
            534.9,
            535.0,
            535.8
        ],
        "week_difference": 0.022323983972524195,
        "month_difference": -0.03563714902807787
    },
    {
        "date": "2024-11-12",
        "prev_5_settle": [
            533.1,
            534.9,
            535.0,
            535.8,
            531.2
        ],
        "week_difference": 0.0060606060606061465,
        "month_difference": -0.02388827636898199
    },
    {
        "date": "2024-11-13",
        "prev_5_settle": [
            534.9,
            535.0,
            535.8,
            531.2,
            520.5
        ],
        "week_difference": -0.023635340461451926,
        "month_difference": -0.019958576539258185
    },
    {
        "date": "2024-11-14",
        "prev_5_settle": [
            535.0,
            535.8,
            531.2,
            520.5,
            522.7
        ],
        "week_difference": -0.02280800149560653,
        "month_difference": -0.013587469333836444
    },
    {
        "date": "2024-11-15",
        "prev_5_settle": [
            535.8,
            531.2,
            520.5,
            522.7,
            519.2
        ],
        "week_difference": -0.029532710280373745,
        "month_difference": -0.0192670948243293
    },
    {
        "date": "2024-11-18",
        "prev_5_settle": [
            531.2,
            520.5,
            522.7,
            519.2,
            524.4
        ],
        "week_difference": -0.02127659574468081,
        "month_difference": 0.003636363636363593
    },
    {
        "date": "2024-11-19",
        "prev_5_settle": [
            520.5,
            522.7,
            519.2,
            524.4,
            517.6
        ],
        "week_difference": -0.025602409638554258,
        "month_difference": -0.022474032105760107
    },
    {
        "date": "2024-11-20",
        "prev_5_settle": [
            522.7,
            519.2,
            524.4,
            517.6,
            523.1
        ],
        "week_difference": 0.004995196926032705,
        "month_difference": -0.02949907235621517
    },
    {
        "date": "2024-11-21",
        "prev_5_settle": [
            519.2,
            524.4,
            517.6,
            523.1,
            527.7
        ],
        "week_difference": 0.009565716472163765,
        "month_difference": -0.017135406965915315
    },
    {
        "date": "2024-11-22",
        "prev_5_settle": [
            524.4,
            517.6,
            523.1,
            527.7,
            530.1
        ],
        "week_difference": 0.020993836671802726,
        "month_difference": -0.004507042253521084
    },
    {
        "date": "2024-11-25",
        "prev_5_settle": [
            517.6,
            523.1,
            527.7,
            530.1,
            535.6
        ],
        "week_difference": 0.021357742181540896,
        "month_difference": 0.01593323216995443
    },
    {
        "date": "2024-11-26",
        "prev_5_settle": [
            523.1,
            527.7,
            530.1,
            535.6,
            538.9
        ],
        "week_difference": 0.0411514683153013,
        "month_difference": 0.05356793743890514
    },
    {
        "date": "2024-11-27",
        "prev_5_settle": [
            527.7,
            530.1,
            535.6,
            538.9,
            532.2
        ],
        "week_difference": 0.01739629134008798,
        "month_difference": 0.04393879952922721
    },
    {
        "date": "2024-11-28",
        "prev_5_settle": [
            530.1,
            535.6,
            538.9,
            532.2,
            530.8
        ],
        "week_difference": 0.0058745499336742635,
        "month_difference": 0.028084447026922334
    },
    {
        "date": "2024-11-29",
        "prev_5_settle": [
            535.6,
            538.9,
            532.2,
            530.8,
            528.0
        ],
        "week_difference": -0.003961516694963257,
        "month_difference": 0.007441327990841399
    }
]