[
    {
        "date": "2024-11-04",
        "prev_5_settle": [
            986.0,
            979.0,
            991.25,
            994.5,
            993.75
        ],
        "week_difference": -0.0037593984962406013,
        "month_difference": -0.055819477434679333
    },
    {
        "date": "2024-11-05",
        "prev_5_settle": [
            979.0,
            991.25,
            994.5,
            993.75,
            997.25
        ],
        "week_difference": 0.01140973630831643,
        "month_difference": -0.03600773320444659
    },
    {
        "date": "2024-11-06",
        "prev_5_settle": [
            991.25,
            994.5,
            993.75,
            997.25,
            1001.75
        ],
        "week_difference": 0.02323799795709908,
        "month_difference": -0.033992285438765674
    },
    {
        "date": "2024-11-07",
        "prev_5_settle": [
            994.5,
            993.75,
            997.25,
            1001.75,
            1003.75
        ],
        "week_difference": 0.012610340479192938,
        "month_difference": -0.02690256907416384
    },
    {
        "date": "2024-11-08",
        "prev_5_settle": [
            993.75,
            997.25,
            1001.75,
            1003.75,
            1026.25
        ],
        "week_difference": 0.03192559074912016,
        "month_difference": 0.00514201762977473
    },
    {
        "date": "2024-11-11",
        "prev_5_settle": [
            997.25,
            1001.75,
            1003.75,
            1026.25,
            1030.25
        ],
        "week_difference": 0.036729559748427676,
        "month_difference": 0.018536826495304005
    },
    {
        "date": "2024-11-12",
        "prev_5_settle": [
            1001.75,
            1003.75,
            1026.25,
            1030.25,
            1022.25
        ],
        "week_difference": 0.025068939583855605,
        "month_difference": 0.01868460388639761
    },
    {
        "date": "2024-11-13",
        "prev_5_settle": [
            1003.75,
            1026.25,
            1030.25,
            1022.25,
            1010.5
        ],
        "week_difference": 0.00873471425006239,
        "month_difference": 0.01659959758551308
    },
    {
        "date": "2024-11-14",
        "prev_5_settle": [
            1026.25,
            1030.25,
            1022.25,
            1010.5,
            1007.75
        ],
        "week_difference": 0.00398505603985056,
        "month_difference": 0.009769539078156312
    },
    {
        "date": "2024-11-15",
        "prev_5_settle": [
            1030.25,
            1022.25,
            1010.5,
            1007.75,
            987.5
        ],
        "week_difference": -0.037758830694275276,
        "month_difference": 0.004833375731366065
    },
    {
        "date": "2024-11-18",
        "prev_5_settle": [
            1022.25,
            1010.5,
            1007.75,
            987.5,
            998.5
        ],
        "week_difference": -0.030817762678961417,
        "month_difference": 0.008840616317251832
    },
    {
        "date": "2024-11-19",
        "prev_5_settle": [
            1010.5,
            1007.75,
            987.5,
            998.5,
            1009.75
        ],
        "week_difference": -0.012227928588897041,
        "month_difference": 0.009245377311344328
    },
    {
        "date": "2024-11-20",
        "prev_5_settle": [
            1007.75,
            987.5,
            998.5,
            1009.75,
            998.5
        ],
        "week_difference": -0.011875309252845126,
        "month_difference": -0.006467661691542288
    },
    {
        "date": "2024-11-21",
        "prev_5_settle": [
            987.5,
            998.5,
            1009.75,
            998.5,
            990.5
        ],
        "week_difference": -0.017117340610270405,
        "month_difference": -0.014427860696517412
    },
    {
        "date": "2024-11-22",
        "prev_5_settle": [
            998.5,
            1009.75,
            998.5,
            990.5,
            977.75
        ],
        "week_difference": -0.009873417721518988,
        "month_difference": -0.019799498746867168
    },
    {
        "date": "2024-11-25",
        "prev_5_settle": [
            1009.75,
            998.5,
            990.5,
            977.75,
            983.5
        ],
        "week_difference": -0.015022533800701052,
        "month_difference": -0.002535496957403651
    },
    {
        "date": "2024-11-26",
        "prev_5_settle": [
            998.5,
            990.5,
            977.75,
            983.5,
            985.75
        ],
        "week_difference": -0.023768259470165882,
        "month_difference": 0.006894790602655771
    },
    {
        "date": "2024-11-27",
        "prev_5_settle": [
            990.5,
            977.75,
            983.5,
            985.75,
            983.5
        ],
        "week_difference": -0.015022533800701052,
        "month_difference": -0.007818411097099623
    },
    {
        "date": "2024-11-29",
        "prev_5_settle": [
            977.75,
            983.5,
            985.75,
            983.5,
            988.75
        ],
        "week_difference": -0.0017667844522968198,
        "month_difference": -0.0057817998994469585
    },
    {
        "date": "2024-12-02",
        "prev_5_settle": [
            983.5,
            985.75,
            983.5,
            988.75,
            989.5
        ],
        "week_difference": 0.012017386857581181,
        "month_difference": -0.004276729559748427
    }
]