[
    {
        "date": "2024-11-04",
        "prev_5_settle": [
            4968,
            4900,
            4880,
            4904,
            4948
        ],
        "week_difference": -0.009607686148919135,
        "month_difference": -0.03321610003907777
    },
    {
        "date": "2024-11-05",
        "prev_5_settle": [
            4900,
            4880,
            4904,
            4948,
            4924
        ],
        "week_difference": -0.008856682769726247,
        "month_difference": -0.08611729769858946
    },
    {
        "date": "2024-11-06",
        "prev_5_settle": [
            4880,
            4904,
            4948,
            4924,
            4962
        ],
        "week_difference": 0.012653061224489797,
        "month_difference": -0.05665399239543726
    },
    {
        "date": "2024-11-07",
        "prev_5_settle": [
            4904,
            4948,
            4924,
            4962,
            4908
        ],
        "week_difference": 0.005737704918032787,
        "month_difference": -0.05542725173210162
    },
    {
        "date": "2024-11-08",
        "prev_5_settle": [
            4948,
            4924,
            4962,
            4908,
            4902
        ],
        "week_difference": -0.0004078303425774878,
        "month_difference": -0.06664127951256664
    },
    {
        "date": "2024-11-11",
        "prev_5_settle": [
            4924,
            4962,
            4908,
            4902,
            4974
        ],
        "week_difference": 0.005254648342764754,
        "month_difference": -0.047126436781609195
    },
    {
        "date": "2024-11-12",
        "prev_5_settle": [
            4962,
            4908,
            4902,
            4974,
            4898
        ],
        "week_difference": -0.005280259951259139,
        "month_difference": -0.04298554122704181
    },
    {
        "date": "2024-11-13",
        "prev_5_settle": [
            4908,
            4902,
            4974,
            4898,
            4882
        ],
        "week_difference": -0.016122531237404272,
        "month_difference": -0.03250099088386841
    },
    {
        "date": "2024-11-14",
        "prev_5_settle": [
            4902,
            4974,
            4898,
            4882,
            4900
        ],
        "week_difference": -0.0016299918500407497,
        "month_difference": -0.014877362283876157
    },
    {
        "date": "2024-11-15",
        "prev_5_settle": [
            4974,
            4898,
            4882,
            4900,
            4866
        ],
        "week_difference": -0.0073439412484700125,
        "month_difference": -0.01974214343271555
    },
    {
        "date": "2024-11-18",
        "prev_5_settle": [
            4898,
            4882,
            4900,
            4866,
            4836
        ],
        "week_difference": -0.027744270205066344,
        "month_difference": -0.021844660194174758
    },
    {
        "date": "2024-11-19",
        "prev_5_settle": [
            4882,
            4900,
            4866,
            4836,
            4798
        ],
        "week_difference": -0.02041649652919559,
        "month_difference": -0.0438421681944998
    },
    {
        "date": "2024-11-20",
        "prev_5_settle": [
            4900,
            4866,
            4836,
            4798,
            4842
        ],
        "week_difference": -0.00819336337566571,
        "month_difference": -0.04156769596199525
    },
    {
        "date": "2024-11-21",
        "prev_5_settle": [
            4866,
            4836,
            4798,
            4842,
            4866
        ],
        "week_difference": -0.0069387755102040816,
        "month_difference": -0.030677290836653385
    },
    {
        "date": "2024-11-22",
        "prev_5_settle": [
            4836,
            4798,
            4842,
            4866,
            4890
        ],
        "week_difference": 0.004932182490752158,
        "month_difference": -0.02121697357886309
    },
    {
        "date": "2024-11-25",
        "prev_5_settle": [
            4798,
            4842,
            4866,
            4890,
            4892
        ],
        "week_difference": 0.011579818031430935,
        "month_difference": -0.015297906602254429
    },
    {
        "date": "2024-11-26",
        "prev_5_settle": [
            4842,
            4866,
            4890,
            4892,
            4850
        ],
        "week_difference": 0.010837849103793247,
        "month_difference": -0.01020408163265306
    },
    {
        "date": "2024-11-27",
        "prev_5_settle": [
            4866,
            4890,
            4892,
            4850,
            4808
        ],
        "week_difference": -0.007021891780256092,
        "month_difference": -0.014754098360655738
    },
    {
        "date": "2024-11-28",
        "prev_5_settle": [
            4890,
            4892,
            4850,
            4808,
            4804
        ],
        "week_difference": -0.012741471434443074,
        "month_difference": -0.020391517128874388
    },
    {
        "date": "2024-11-29",
        "prev_5_settle": [
            4892,
            4850,
            4808,
            4804,
            4790
        ],
        "week_difference": -0.02044989775051125,
        "month_difference": -0.03193209377526273
    }
]